UUID,timeSlot,totalKeys,sharing,consumption,remainder,
94100556649cc754835310c331512641,0,0.000000,0.000000,0.034483,0.0,
cf05f1125aecf9218bb898c8eb4dbeec,0,1.000000,0.000000,0.007042,0.0,
7df9dae8e361c171a4b82f527cde659e,1,0.000000,0.000000,0.032258,0.0,
94100556649cc754835310c331512641,1,0.000000,0.000000,0.034483,0.0,
cf05f1125aecf9218bb898c8eb4dbeec,1,1.000000,0.000000,0.007042,0.0,
7df9dae8e361c171a4b82f527cde659e,2,0.000000,0.000000,0.032258,0.0,
94100556649cc754835310c331512641,2,0.000000,0.000000,0.034483,0.0,
cf05f1125aecf9218bb898c8eb4dbeec,2,0.250000,0.750000,0.018519,0.0,
