UUID,timeSlot,totalKeys,sharing,consumption,remainder,
47d8c7cf78822b63e3f879b9f2625b6a,0,1.000000,0.000000,0.005848,0.0,
b778e9467ed9a0106367148ade84b823,0,0.000000,0.000000,0.043478,0.0,
47d8c7cf78822b63e3f879b9f2625b6a,1,1.000000,0.000000,0.005848,0.0,
97cf8a4edfabe0c4b6705030d6181fb1,1,0.000000,0.000000,0.040000,0.0,
b778e9467ed9a0106367148ade84b823,1,0.000000,0.000000,0.043478,0.0,
47d8c7cf78822b63e3f879b9f2625b6a,2,0.250000,0.750000,0.090909,0.0,
97cf8a4edfabe0c4b6705030d6181fb1,2,0.000000,0.000000,0.040000,0.0,
b778e9467ed9a0106367148ade84b823,2,0.000000,0.000000,0.043478,0.0,
